owner,total
8EfEbdTHjcE86hEXgCgmmZjp61ev8qZ73VS1Sn7ZTNnt,3
ANsGQTZrxWBJ56917BoHj7zVzrp7yCn32bFMBBme8Afv,3
6Y7HG1cWWhgS1jiagpi5YQQLsmvuGsUTyt6ETcuERX3t,3
Etks8yWemmNsnS3r1s8CmGDqkiW55iepDvHkB59QrgNq,3
BqSf7rpYiVohUMvskVauB1P9VkyiPz2MqUQ64hd7Neua,3
6jJoS9xfetp9xKw6tvTqr9emVkSU8vyWF2TbvFK6jfY5,3
Eos2hEWenLJc4A98Va5davt1r13hkAeyRe6tmfuZm6u1,3
Goxdxssq5wh3uVEKgupfLZmzukLQVHn6nynD4dZ6p1uF,3
E8pBqibmWg5DdcuaGgDPpzDNHab8ciAWoWwYiRYRVSLH,3
FsxgXjZcM8RHD7iGsQJBvYD4z7AnBeDSLzKzm2GkJPUA,3
8BMD6zWyt1FZFfQTkJGCs7zisnZWzyUBQLsBMSvsmM96,3
H7G6jdWDXhGfyQanrc9gCRZwHk6j1WegEP6UY9pfNjqw,3
FugKEWxezTWCRL9T4wZM5pFVsm9a3kktgSy1rNHdMKB7,3
C6pqQyi2r8xN1WUP1axY9EE2ePY4XacBHC4NB8Cc2ZVq,3
9vM9jcyN3e4LCWD7HWqL7cJ8r9aDNLnAyewDSLFozDBY,3
ACXjsScCMeDBgDeU8qLm7A5bpBFTd61HB7paMBbAgrYq,3
KrcpGkd54JpXcmMKSJe76acorRxdtw1XkrNB1qHqodG,3
1WzYezvo2stiGomkVBhbUzk2uKcxvR5vRUnnLdMXXoK,3
6stKhrQHxnxr5fCP1mMXQE4t9J4DNoD73V8nA4S5jH3j,3
9faX4Jqi1MR7nQ7S3TBjAZhhpEeidyZp9PuBH4cBXaCa,3
5xGTiYc8h8FUGeGGDWUmZH9B53Qu5FnBZsmFTHxgfQMk,3
AXUA1gar9ESongQYoCE9dYPQFKaK6nEnZ1jScVMk9HHm,3
2aCCMq8TSy4YCR7D1tjhB7YdFAr4wEYF8TAFoSxZVZBd,2
BxD7E7Nau9173SyqJqt6iMX5MAjRksWG88WfRgc3WcEU,2
3iMNngRUK8W1Pfrsj3gAxbPuQXmcb3QJtHzDtdH811Qj,2
4CtjsC38fz69VAS1T3zRYY3bkYz5UtVSnRhUHT5NtBgK,2
FvKV5vo9Af58vQfPNA6vn9EpA5WWGiMFDRVdQDg3cfEm,2
7ECLT44eGmiHdZmNv7ZwBVHBNR8899dYBA82j9ft8eCe,2
9bEhVxJU5ruqnSAY6bPpvsbEqKZB4cuQCnvB8rHGQ82k,2
H2unDYz6SrahWdDL9XSHAfnBwDYQyAo9au2PrkGWgwow,2
9msL3fQePP3ivgWmmoy3eQJ49LcXbhSKLmmaBJ4ddiFW,2
JCgEtZd1Jiq3Uk7nFGvLzYhXijv2VG5HqD8vVG4WqPi9,2
D1Dpx8FX4X93wLPMyQ8XiA7c4BbKRTfpco3Gg7JXXs6g,2
CfMLSzx88ofJi9288fz4treBzbcsN4C8q5T1H4P5iniA,2
ismwNFAEpLA5GPNrAKtvg99FbNrL81DH1YyQJ8P33ef,2
Evo8k9gge5F8DDwQL552L2h5bEZSNE5uDaobAEyzFeK7,2
9CW89jGxLnA9x5U7jMyP8ACaKp1vkq6VhQC4AnLL9RXu,2
ariocUxhJPxBJ8DcUwoBeitq54QvYNgDk2mRSZHP8vk,2
DcMYLh1oEbHQWT6hD7HLDMuDuyCuSECvR2eMdEvKfNqe,2
9ig99MGMZz8PKEZ7HyaVr8s88jgzTp9EAoXGAMbNhSPV,2
66pLoea3zCr4BQBLGz2kKTaxb4wkL1s67eWD5HWuLtoP,2
7euNyKZap4QRW85N52uyZYmNzaAZFsFvTz28TSj2cGfc,2
6GgAqFv5vXHgnVnKf7JDiWZE9oDsELtn37EJKgs4CVED,2
6EwWy5zJ95CGF3vdi5bMwZGu1XnWwRqTN4dGZUJgNbUo,2
GvugKZrUqQ8b2g3DYDJNd4yqnFTTxGLYwhSVvTpgyd5J,2
9Qv1vv6sAppXyn1Yh3yqUqzqHqzXTsUHQ1eaGLbqb5FP,2
F5MMwFskNnQXMHh9m5ScS8kmEBPgxZzEhRzzM7YF56ZH,2
BYfutPqzk2WQdvRTJSTHJwj9z2svjKZtXtDuDAw5rASU,2
TdR77qpDFNwXs8jQ9HEYBdgQsJ18hqAhjG616Tewa46,2
Gzo5eNAnqeG4nKASrQQjd8LVvNxAxQnMHkHj2MHHjRMD,2
GsUAvM8cKWLJrHNzU3xRqRUMTZzXLaUhsYZfA4bz8BK,2
J8dai2gVxYN1BcfzuX16ERb8ji5mVGVdPCD39JYLNMUg,2
EwhYdckzuCtN9p4mQEryQJWPGmkrzWhSCUoPHdkAzhg2,2
3duwqoBAUnFBfg9JkhDdK39sgiFJPdJz9Nw3g1Yu4rEB,2
2iMBvYsRjMZkborfH5zyeu9fXPrQWVf8AWbenmPZxYpV,2
6mHWi7hKwK6nEgk2RHWA2kFbz6XKx6tw7by2hgRepDXz,2
ByJ66eKonuSfuerSpPzNTynGyMuQwWx3s4vWUnEu2N4M,2
9qKoiamwCxYFpYbD5pHiCv5shmorzEn5Xsr4hMM2Krtc,2
8y1KS8pTo8s53EmYqLMdZxTm7KwoBQrXxQ5183ZJTFKw,2
C1msfRQpVvXy69zFc4vKFCntrSSL7UiYmyULJKV71yH,2
36Nd1uXqZ2PZYk7yHT8XqJirFx78X8fBJtD77VayYKpx,2
7ZT4k99UmbGHEcJ7hEnndEryTyeAFe9Gg8fBaEbcidqV,2
9aucXnzDXddYah2UakHyJ3NLXsyFTmPi8Vs1FccaBR3w,2
CWszrvKdSniRNEBfgXZY48JqFFEv4hjzAFT67VJJSJEy,2
Bz431Td8LKRWTJRzzCnxiNNMDSGNakDuJSpGp7MVQCoQ,2
D5oNpxu2RnR3KguxRa91bVoYi51iWmomigAUYPAjgVxy,2
fRwSG1LriABcwafhyR1JuYj5zq2ZQ27pkChg28d4a2k,2
88pA717xVNtZ8jDUPRfQ9ai6f3nWitNZ8MV2YYbNa5rP,2
83nGkT8MfZgzBfve9tC9Ntvf1Y2wd4RocAvmine9hbMY,2
BwoRMW17PoKHiftPm1CfwjLo7zeVJfNtuCHW9wMTdn21,2
4fDprUTZKH89vwgemM4C49XShHbv2CCx22GrdjJsguCJ,2
GhhNqaC6U1LJiwx3escAYx2H7mSVdzkyr1kL1NpViFYX,2
9mJeA8QHJHwdGjnXpb8nWHn448Kn77W8dbzGYT19PysC,2
HjeQXYYd69Q8VRStiwaFnAHLcbJJRLgh9cJxpccPcLsp,2
HYro93C4uXjkXd681zVQJuzCHPpv1pc32fpN1UzGEByv,2
2QStbPERoAc5RH8uM39Y4MDSKJ16DUczsPuRf2ytWXFA,2
CDwLpQbx1pBqUj8YofNGjroHzt92MbgSYyRbZ1PCL6ZY,2
7pP76bUs1hTRrwDkw1AvmuJF6yXQxxwVsCgTfUkdFxTa,2
BVK5ecgt8vJZi4MGezYsvs7qTpxUEwL2nXFPTvw7xzR7,2
4mzEfZ1L66XacZi9ExmmgQ2gjX1RzWDShs98b2tiR9MZ,2
FzYjvXNZZu3G5Bmr8fce27vVZSMVt9hKEktPKmuSLQpL,2
939Rq73Rx4cHRjcuBC1J3UgK4AsJhRiSx5Zx9aGZCZ4T,2
2mxQZb8mRpUJdJJSnwrerWCYUZyXB1xWvf9EoUBQ5JmM,2
7Xhb6tgUHHzTzeiMrPH9h2aiMNpRgehaXSpgCpnMtA1r,2
GKFN21hhNYyuHp1zEwe4UpLZajna68k8zuX1CzdtKGGx,2
A1zWuAux23ZxKv1TuVJgGFKrP7NZAWbd2TCgb14gLaaf,2
8hPbReYBpeVU286iVML4RnQtcHQi649Jyya8QrctEr9q,2
DwLfTjocdcavHo6dHaPugcacJZS1KE7dHwDXc3zympAu,2
8UjgCXwMnW4HkSuu9v3BdU3L3CdpMCmPppFqc9jTMshY,2
Fk7DTCinqmwogVe6EVBHCWetUBAaSguDvvdtekLPMi8s,2
HzB7NQ7LSc3mDbtSyeM7W8cJmw4oQ1mNpsSTvPLo6vA9,2
sHLY8wn6CqhTzEqLq9goihWYZdLa7wC4JPz2porkSjj,2
6RRRcWxDEq2m1bRNf8wJMkUrjf7BspnrTe7SwEVyCBeY,2
9iZ48GYnNd9Yyk5GnXiP7Y2WQKfKRC6q5kZCy9FprxB9,2
Cn9ZxdJFshChj3JhK1BG6HFDtCitht8iyR32HpkjK3XL,2
E384wvGxWm34Zhxykyze9nm1UondUzAXwsPuokYEbHby,2
Bw8oA4qzQUARCSCcJ5BYupQHCbP1VbP1trzAfmmenKY,2
Dq7ndt4CLvTnosJZD2GpcHyhXLQmfsQ512qUBS3HdXsX,2
2oqRHnBZeEHfLkqVmN6zNThPUo7iud16jjkN9aypzCFc,2
GPURrSmjvfVpV4ufUDefSTyBJ1Yf8baLeXLKPJkX8qo6,2
72tJUxfrnuaBRPd9RhPy7SrLhSbZvp48oZAV5cRZmxJV,2
EkWcGiBmatpqRgEd1p3MDz5CMsxddLBGBUMz8mXHi4hC,2
HbpTqLxWoXs8GN5naRUMyMdBPgFJB8h4SM1EJ6wykSYe,2
BxdRN31tbfAHQfGqMPdMTdy4kfv1rrr35gikEe59NUuw,2
AM1TxwV5Ds9ztcbY59wrRRByiCHe8qUokL8iH3VU1RTM,2
Hy5Kor69ESjegaqtQtNHdMj6woPvGmDw3Wm8BDFSUTds,2
49noAFoeNSuyvyUYxL8rEJ2q2fWVk98LwHQm9nozJgTe,2
EuZgxzLtBGseX8LBJTEwqpwrdCxXDByVtAD9RK1CaTNS,2
2AKGwkLhFgNqKbfuakrjFvvYaTERJ1C91pjDDqKfX2wi,2
HuiqnFL3tH5aYcm7RtSpRtNQTie5a9f8pC7dz8735ae1,2
CSR5sGdbn8fwnceRbxXp4hsaRCWhYDAaopJisSNqRhkA,2
J43ureV3C9AVYqRvFb52U3xyoLcxifRwRs2JvWiLnUca,2
4Si21UPKjVWZFLTFiXBRkj3DPUL7WuskwBpffeRoNMjc,2
4UWN3jR5zSFTTTryszkcnmBb2hJq9NzP1sbtLSVsTV1r,2
G7kXA38ScRVqq6u1YWeon2fhQvAVeAxvurayZL1UDbri,2
HRfRtSFMse6h6r4tBphaGpuq8FtDrqm7HTDAZwjBhd7U,2
5GHMPskpm21G3efYZRoHrCgYZKNTSkMMBVY3vne7PUQm,2
CXhKaZ5SmDbQxAmHZVaFNFN7XtTgmhHZUZ7YPdTWW2Le,2
78NLBp9XnJxGKo55creb2A7me1AqZRdqwxLETZYdDgy9,2
GyQ9vgUoMeLTPsCgPKaESFTXZf6tWHcpffsMszmsAsun,2
tHex1tCnzyzmFCAudY9AySCDLWtGmNNto73R9qZ8o6L,2
DKKBqj7JfvMeguQ5B2Js7QcEuna5ZLqUu3nawnGkAMGn,2
2op4xPkDGeEsGU1g63uB6QZNfJ1XVwnZUULgwWdd5PVD,2
522FZam6iQ8P598sAcwmEWE5Nkv3WkLVic9XCia3VL5v,2
BWpaTjj5mpgSyzTTgwywCGkmK9bbGWFNJe7aE2zaLQhu,2
3q8XLsTFeqyDwyHCeyLVM81g2kE2QXBpqLzhZC3Sjjnx,2
ntoUyh1kncmiDbPoUi2DcTUuyns1bnNvx3FiNfoPuBf,2
CvtBc3WkVrvz37juXPtYPrqJYqHfY6CrABB2o6R3qSKZ,2
9QMesa7YZTGmqAPBpNVzycH8STxdekH2jr9cLFJqWv1f,2
8reKbeejfZPyGwNuarzCDHeQvc3VFW4yzrnWuQ2mD57N,2
HarLBseTmzFRTEL4DRrx2PZnMxMjoFDKJpxvfp56xZsF,2
FkwtMnVmHtkkKFxE3tjqLZ2zHEoNJ92nci5cAFcsRunm,2
A4JJx4BrVeb4b4XVnX9dnTvdeVwyTUxmSg1n8LsLNhsW,2
2BNKXsGYp5GH9RanhLvUQxEbb4DQM8RcVkTKMhZ3S1uo,2
CNejTrfsdmkV5X5z9KYgHfrsM8Nv4cMS5CeVQ58cM2gX,2
GLuMJkbKfQBkoHjddA5frBUo8ShkixeX3BUZawf34sEh,2
B8yS1UMHWBHWauZDiJbLBUtkrQCbxG3seUVehrdTvJmg,2
4WoNPTWZvCTyhTX11ba8Ye1WhpPiKtjUuGWpi2xQLBth,2
7kYgNSAaz9HWorSaYBCe1iCPur7d6H5qxy46tUSNKZT6,2
8yyS63aWjCPr6S3ps5V3bFa1RcWQGoundCnHrHkjiQ3y,2
9MEDh98mZComr1xab3TUPXXgTV9SqLbECa4oTcnBDJSX,2
GMmLHxWeRPSTiiFRJxbXBBohbQgG4D6XGpw3fY5rcedX,2
4ybgJFHP7fac2ooMRd4edVDuXDoaGGCnsGzyoUKatbeg,2
5MRHbuNLM9R5UDgG9nAWMeeRsBC78V2iCd61occ5prwm,2
2d65EmQoiKVf9okq79XCVJfyWhk9McHePf1bmH9mRF2a,2
5DxrzqVoTKPJXiABxRJwvsUBrWdk9XacqQdMjLw9LWv8,2
D8EV7QJnTucdtrovjeHxfidGNb9oKgwZQHNErp2uvtKB,2
3XERxdhF7CE42XR8su3zvrCZBFwWWZrtWqsvBwHutwXV,2
FU7S3Gt4JY3r8xHy7R9SLr6PLmCbedKLGkG4dNLdpBiB,2
66Z7LrwBYiG9akjQNUZxPHLXRQgdpcmSNhqvrnX23fA,2
9syYeetFZFr4h28TWA1kpeYUm2nJcZH1gLUuCuZVhC2m,2
ASLBbCPt4MR1LySd68N49W3395U3DtrisSeBCRFoWxJe,2
5Nj4diJyDCeb7dNwXxCQVpChEC5Y37kcCmjtWezKDbce,2
4AULnQ2PuBu5RN3n1HxuhUpsjwxCJ7Rm6YYkk6tYBGQV,1
58xjmVRxEZ7xDHrcknwr8zHHMHG8Xf9vywZvenRZUBXF,1
B22Wmi3EgMDAqXjvQYawgXcP4xLA1jnFs4bCEfSxSrrq,1
DydShXss2HWha9JXYfpGGZr5JKmCeNtYWrJ6akZWwjgx,1
FaHR3qyVFagfPVSusrxUvgY4CgQMie59xQq1fx3Tutbp,1
5hXcxm7eNN8fjYxWCMz9Awg5iS5Y4Umg45XV97YCM2Gu,1
7RVvEJnaKcNShTTeqP81mxdjC32DKbFT8BsWMLgywHgG,1
GXQp6yJpmuXdjBAxAm283xEXBEd2WjHfgPzYop5DtCVp,1
cACEdxQF6BnG3iBYJwWRgCPpdKCdsR8VhuNmcaTZdDP,1
EydzF8YpSxwpsqAL5QdwPZYjW3wPU1Jg4xpEeDXvuYbK,1
D7e3oHKskUvh1b7zwHHZes6B5jx2YAdNowAoTvUg7X8D,1
GrhkCZgp14TA5eBrY3MVebKunp3pRa4fbYu8zLTsdYkk,1
ErQbaunqcLSG1dZKm1xYzUrcV5zwC8Qu34W1qwH3Ubkv,1
DrJsnPPmvvT886bSwj4hvNr1G2YMqp8bFqHCpTcVjAjC,1
A6YoN8adbKqBfFKDnFJvoWN7hufgNjjEqbXrfnENKAxj,1
BBQYXEZxNQQfGYZZvh82Fnh6RvKMYYDUDjTP2sF2jHbZ,1
FKpaYQvhZk8BQ5JP5QTx5CJW82frxHgRSQQJuJXY3xmy,1
7RTL8oMRVUsF5FFMyEiQG71pKWT1a1WnfbEPGNZfFqwT,1
CUb2X51niPDbrmG9e5uQNPqJ3iSyEPtcY1pizHWdK5mg,1
HKVDzUg5LUhjBF69WrMaWVycJSZXcuFQTfgPKYUSbuDY,1
7REqj1AMwSK6h2zfztEU9keozMoJvbHyLimr1P6XoNqG,1
6ixRbjWYrvLY2MbVqVLCfJGR1PrWX4HbUrjCA4ZBgxDb,1
CZfD1ivmfrQM3cAExL3UC2FmzoYDwZqTHPzNKzhQxAEQ,1
DurjwbmC8RZ3n8ym7uTxiErio8sBgeiXzsuNjiNHBEKx,1
CoiWPQ4z95AKYMtavhGVGtb1aZjAFQv86L9UhG18JjdB,1
CDvae4QUKXWNpw1YGLCtcqB9wdQZRB1sNPfG5itnNrYH,1
5PyWdJFCrkBxDEVf2vk3RxrPZbvfb8sHPsJdyX2YmBWm,1
5FkGmNJ8ZeeDmcs71dY3hB1d9qfqKduRZTXt66R1rnSe,1
HsWMqVKTxPEGdKL3Wk97Z6GCYkEuSvznHbsRvMNekLbe,1
CmWNgyTCMhjkNhPGmzgr3VTkS1XkGqeys6WDGPFbi5zh,1
6hktT6o3KnRMptKfZCkihSVMNYPBo6AZJFU5uqeqVSMA,1
5pHAJ3vDzcaAn3Grhc2B3RCEt8oBoaxCx7ifdy5Ute7W,1
8CNgLNfCscZEpFY436E6zQpQM5MyQw5Ttekg6Q8vW873,1
GRqv7y5n92vQ7bXcBqUng4vaau6w1tQeou953s8kJNwD,1
687nhg2iQ42Xdn13wJJg4UWGM4jEBULgzDEDyeZqjkpT,1
CKcsLK4CFWuENCWCQeC7AVu2tZ6gWc6j8bHTLPmygkpo,1
4W2nubYVQxaE1Je1zS4oq7WfyS1wDxXutoo4YDxv46Fs,1
hRUcFDrWbBpU5kJZ2pvaNCRcXh5bqxqR7hmGTZVLudN,1
3mBQ7r1BFJ1Xya9JxxgQZbnjbmDfrt6KkAHtzXJNMVDy,1
71UFhPkdHb8CJbt1q3TxYNTsFSTBHkv8h5d1DxVp88zh,1
843GTTAjorwPNjKNgQLpDud3siitMfeXa798NfBdjcV3,1
8nX5n46NULeHKhDfw1Bhr3YufucsqXrvSEmiizjnyk2R,1
Pig538C3RWZrJseF6iveuB7PRP5RkRXD32cgndY78dB,1
HHL6a7zEBwoR8W6AjNqHpAevSfc8ec6PzrWH1gmxEjVQ,1
2S67bvNfwK81Uq7mj8RRa44tL8dfA5qoNrkuPKcTWzKY,1
7WoXXPYNRYrCcETCURneG1rnNibQPSaPCaauTkRcxVh8,1
HXxoXYye2KxzHrVvYUHWzSpt9WcXPpWxWj7yrsiYA7F1,1
Ew1BtU2DWoFCbYnGH43iKSVWfRJSWEyP1mDyxzLcNKN7,1
2urrA49QHdj5dqzn4taPZLYfhFNoPRWrzq71RdvCg5Y2,1
6ysQktkXRmRqVGCkx2xXJhD4f7yux8J4AD8CGU6EiW3K,1
HFjvu4vWt1PvEahYDTZjrTjmWzuBHt6RgymJgFv46rFw,1
DEAf6NEi9Xn8KaUKVc8RKnW5KdWEQmapwT16BgdaKVhn,1
BZsgNComLcsjgFUTEvSZDqfc7unVzW8xQBYmL2TSgxh,1
244w5pyr6nZNtBPmnRAseDs2Zvtgi3JKXEq2za2jPghf,1
DygoD8FQQwnnoiJMMbgNzx7dSEz4hf6Zgs537tmEwMtV,1
7MVM8QxgKdUtaVCe8xHDrFRYFHqo5sngsWjDEVFJeQ8P,1
AhVALozuRuWkTJNUJzZ9gk5VBddXxogsvMzN5fFcU1GF,1
GcyQNqEbYBVBSei49EDvMiUWfsCa6P7J3nqMoaGwsDok,1
AnaTM23SpczEq7VY752mYqk6acYpDqkR9Di88yjkEJGn,1
9UJoHhGprvHhJTFy49JRezfvsbJq91482rDY5VTEdsGL,1
9VumZuasHPUeftbGbCxkk3F9LHgLoLjovNrBmMjCJFVj,1
5GzELwwPnmqBrooyoJYToeqGDZD4389ogc7tUPDYDTvg,1
2UMHAvBNmHTU9VC18C5B4hYvEvUnky1xtVUq3VVAvQ27,1
HZC2M33QLxYYWEDd2nw9pv4s6B32dxxFR6epB5rFKBT9,1
H3FL4ippY2XYxnh7UP9ePpmnMW13WKvbBxgf4fxQqvRE,1
HPii9BnFodJz9xDFfoTNBE74TgAjjj6396niQRj41k2v,1
5vZYT7oHxsNa8L8jXaL4GyyqJCSv2eXJ1XzPrMohKtKZ,1
EUvsAwS1iJa8HqVEqneDW9zXCo2AAwqjKtqHpjihLBK7,1
9NWwEsnTeMfLsJhjFZfmj5PHxUBxaNBMAJkzxkxUphaC,1
BpGZ8y99UbWc221z5WLeCkJ4hCtoH4k87TQG23MX6m2X,1
81jomSidtPPr16Zz5FQaAYQMGB81YLSw8B7scEx1RkeV,1
C3oQqiLPdSWs4FpvZiRWbFgVf9sp7FhF7FANR8XJXpS9,1
53QS7WzEdZbQEcZfxHwqqbCh1AneizisNy6aF9vFBnhQ,1
4GzEhecUmU8X63xWX5eG54pDUTyCgK7vDSbRhMUz6b7z,1
6oKayuwDDMmnqrgVwwj8AsdAdXyTZm3YMLsFxADfMc7A,1
3ChLnvj2kTN5WAQ2xbs2G1KAUV1WN4Gc4WUcPjUpftyg,1
CXswSy62PDZc58qsNM952cdwe6x2uawJmdWPSR266xbt,1
As17R9HyfdoovGpDQyTctwewGFcREkY7B9x2myZ75kms,1
uazjaE55QFdmhvRyYR4tYWZCronxzn7Wp4qRhcrteAW,1
HQn1hct2qj8bPBJiBMbrcviGmJktN4R8ToUcAeULpFQ4,1
76P5KXLeTRjaEPCEg5Tu9KyvoVUE4sS9tJ3A5rivLeQm,1
AwipzTnD7TVhPk2sczHe526J2JLy5wYbKLRaUPb9JR8i,1
AQBFB6y4Du7pV9F9KJD8SnoXb2dCRvaD11sdxdRrjjmg,1
7ewFVXDYWMnf3X67FcoihVz89rYV2dgPsLSfqLi7JUY6,1
5f9XRDFrEW3sUgUpwosoNTB4LrFXQjXYnks5urzecbAU,1
8GwN8a81LGM5jJZR1RcbjAfyZJ15icaiUu7kMYbNE1G8,1
AEuodAar8CEH4Hmhvzf5F4qJPmEbvmWZqthMzEXoKE7Q,1
EvSFHKJAEkMqkUULG8NpYHKLM1VR34xzUAMx7SPSS3Mf,1
2EKayEspNwbBhTLK7Dsinse5CCx33uUnzxVfND3LxNnz,1
E6hzHG7LLUCMTVz1M13BpdNdHw6cobLueLazxYWCHED3,1
9MMxmGKP1b3mB35EHaz88yWz3mp9ZjnsLMk6M1i9BXwm,1
6imvZPqB55uN5wF7fY29oPWGyZSrgTzGL13gH5rBRRwH,1
2eAqK9xRZLwxCCpbKEcQpXF5U4fmDXN2hfmDeKK2wKfT,1
BLiqveXKgCGX73vYkMKzAtQEhPxscWsoAWBg2PgK6QtY,1
Ad5BRCz6TutxKSMu64Z4VdPPRwW8BveECLX3kM3gKZcc,1
8kWtYC78uxsuQSDJkdJ6qQd4S21dFAB7fRER1d2yjuUP,1
2YV2SNvCtZwDzbJ6gvuxNBaDSJ7xaHCrCDSvBdiRE9Tu,1
Pf2gasRuYweE2aL8aTisttAuyhoHB1UeRUUmU2yJb5E,1
HsGhebGbEY6dZcFWeqQovD2fMk37zbDv7m7AAkbCjptL,1
Bu2mahL9yRUpbNS6LjnJhi1uxkYUpdfVKFhkgH9ssFiX,1
6YnrsbGBJFgtmxqboAbpqyZJy78c7nLCGTesRXwhm42a,1
GksCCshp7Jqg2DLhpp3C2DdPvgeVCAoKSTFDVA8jNNqC,1
BnAFU2iv66VUqjyHpxD8X3zHhL1F9NBifYdz2PRku34N,1
EdhHWC72QrZLHT6h9e8LXXJ9GsthWP86HCxWwA159Goz,1
HCkLz1Eprm94Ce3zDYqkkChxqpLEHKS1rypkDR6PomCH,1
8Xp7c9caSU4WTXWLCmaJ1NeVDmBU9T2tAogakKFJxDG9,1
8qeBAeWwodhu9EwvHohRLTSUiUgEVXEAcvEH2RNx6kt1,1
FsHLCcoTKXJKnnCP2ZAL3qS5fBWGWZGna7XTjBJZeutr,1
9ztGQ92AzfF7eYdJdDhPg8cYQY3rn6M1gwkD32RCQWH3,1
yix6eGegLBBRetHCno4v1z9oRj4KXGZ5Si2UQLwxbCi,1
DeDaoX2A3oUFMddqkvMAU2bBujo3juVDnmowg4Tyuw2r,1
7G26TKWwWgLQSgCpqyYLUVX4NAKqRJdc93fJFKqg7NnT,1
BU67BUtxXidupHfnKnJB8wFe1g3qVS6cbw1xMxQ1onrr,1
Hcw7uZtm9ANWFUS4Hrk1DRpLe16ue5vAQG72w17suXHW,1
DAKJkdYWecenPsLUSbphsfAqvaYkyJEwsBgorUAdPLpE,1
BdkTuP4TR2Yi2YqbKhu2qsRaJvECHe8bu1JBBBLGruoS,1
FQaMkmFwNbrh3GUq7Ew17WpzLChNViBLLVF3icsKQamP,1
5QZqZgoqVt3ArUNvKifDzjCEQUvhNXPvhH7p3FVL1j4R,1
6Stbs35apHEDsLZ5xyuD2CbWzJvV9AfQoxmGE2ZFp6AJ,1
8HRSU45gQPGXGUfnLBjVqFv1nJzXqJcGJdiGsX18fWnW,1
6tu9q5HyMem9RZVQ9Gi8vKpvSzB7mj76Zt26XRqgP87z,1
2LCkYZdpY2V8FcsbUR4Jeu5MCHafT393jT5k14ufw15L,1
Dwj2i7Crp3H55Nk9ZHxqH1ngmGWKCC9tFDS53HcSuRvp,1
D4xerr4PJjMx9hnc1oNdYgGk8yJAXu8ZWoqTwehfRxHW,1
5BrF4uA7BnJPYzdAGBmziTHjRrbgHRMb8uoChsrP5tR9,1
5S1QjzFhMPBF8hE9FQYTQPew9csib1JLqvMbFRWdJPTA,1
F5eAgiaKLcJ8re5ZUDsEyyFRDQj4V1xNDhic7Tp4Td9k,1
BaaeQYwqew4bukcc8Bj2FoPLmJ7TtkGALbB7tpQp4gHw,1
7TuAoc2c4ZD38S4qGRVGbMuXj5T82NkhVLYCpSai3FB6,1
6vbitTc6pAHbLJqgVpx6PXcTDuGgTS5rWMcsAbMxFHyP,1
BZKACiqEmaUTkhNaq6TcEDEQw1hn5Us4xBdnCnum28mT,1
DBZUBodPijT5hN2rYr5ES82tgKFLBbks3pCHYDD1ACq,1
EiSr29K1rWEmM1xiGMmwgwvx3fM3YVPNyaCDc23yxSuY,1
FzGb98VyZCnwWMeEemwAy6of7r6jHM5cP2saPd2UNbNh,1
8b9JrtrVDYdFeSm6wknvsEM4PSACwDXyEkHLezYFcW5b,1
7iaw4iDE8FpcJcDCGD9fgMyoCvxnF2ZywDzqqx7WBhGb,1
6CESspVQNCUM3jnvonJFaG9jbahwwqRSD78Jx8kmSq4b,1
W5pidHkJjLoJSLkt2g3cA5YwNm17Qaizpsr6ujaxJS2,1
5SZdXKwMoP5Mgqwc4kCzfdcDsCEQQvkKNFwndcA4bQjW,1
6jfziadEYjq24amkDbQg1vcwZaJ1TVep3PhMoDNLk4Xy,1
Gu11ve7MGPm6MmNg4h2cXxDjiuas3J92SAb213zk1gcD,1
F2xCJK7eLUJ173xRcBpwhNHCwGdkc8mv5CpyZ993FDJR,1
6xzXHQqk8siN6af51PgmudN4RrzHBssbEfT7byntxEgW,1
GZ66YVe9BJwV9vfNZueGGhT1nnCoom1WGHhqACSLCJBL,1
7hfY34Jvxfs7Jr88WLQbLpjpj4KHt2YsjZYeuRLcLja8,1
6ibesH9zP9mBMzvjsFYkYsuiKcK8AbB9LKmGYCbgmEuj,1
BJPKcC5mYUMHjk9Nwdfm36Ko3KWUcpofEj7Vfk5AZQ7o,1
86Ny5cVAeADrvUoL2h7Hrc2BxUfjeWibPQCEL18aUoZP,1
HLUtYEUU1t73hEFLbcQqYzs5jX7cb8oJjQddWeWCWcwG,1
C7N2EMFhzeHRtW9Rnvs5Hb2g7Bw6gJnTRtsR2PDACELy,1
81CcQdw4mcfW7gnRxSTNG6wAyYWUGYrkxiM26mK7ELf4,1
BFBASpxkSDsgtY7m1AwLLXRfJeqiovjMtRCws2SD2kyY,1
5fxm8v65YF7ZPBSMtPgsASfrudtEM4ke2F2ynySQfJC2,1
9bJhCijwgvUaET4uA4cevWVNUxJ5htCeTinMDQcs7Hhv,1
AnrL8RwaYBEeZGnSe2dihHUJShuXzfnEXi8UzxAiGyYB,1
5fUyGrJ2ZNGNgzJhh2LoD56oGfEdRsRVHeM9ZH9juFQ3,1
FweYVpbjvccrJYx6NxDvimxrLtju3XiopW2BbZGxP1KN,1
AMT7ajkYQDWj1vmoBPqx4guAxdupWYw5dcRV6yy7CPvQ,1
ERE2vt1DkjkU1TfuP4aLTgbuSxuLFZH5uD6rZvHPevdK,1
FRUn9v1VqU6HNk8VXoJMJ5urfxNfMgEB9W1HXn69h74f,1
HrDtoCgC8DEt6NHt6v9imQh3ZN7CQiyypjspF4SAz3x5,1
F6dkxX4VPjDG2FtePJkFbQBJ1ytp94xXYQFLokmFBPwc,1
Bt8PYeyLZcyGYqSicYB8ZpeE44CmHaDoMMJpHkgMQ9UZ,1
8wd3gbiuwTJf7HW1MkqqSy5vBNGbcirhWhKTCLKR9xwT,1
Xi9Tr5a6G6adSPdVMFA5Zp8RgAajXS7mC58fmfTWMgM,1
E4bnqdAUtyCu321j3z4BnCNdrReevGeF5krmFzibnvmP,1
CPwcLM5zRfG2CE81vDJ7kq5TkW8DyB3CiPuPunnndsMc,1
4xbJCfa6QUW8dqAUoLkMAWAGrJo5y9rS8WwfNCsnAiYw,1
6vLwGDYfc5XbC7rufa6SmC68NGNESHuSTK4URCZqKjTL,1
8EWHAM2HudenUAH1xtkpQRoAgSqwMVWCMs1S3Y7N5qjT,1
MRew2JaZQEhUxKbXLU918KBNJJ9A4biPCV1FJoManen,1
GvryFt43LqcSojkjETuQ7jFrJ3ts47RMV3SuwLBUxNJR,1
Br1mTc6wmKaarssH6GVmytwCWqZRtZsoZb9uRMM4AwAv,1
2t6m8iN6iMSKGgrfcQjjXeqUXkPj72BD78MBQrJpskYj,1
8FAcFf4etV3Ane6C6ekxzYqC8bd5WAFqrk7wCF5pd37q,1
G5AeX7jzaY2aYqz5QHBdNdemp58yLRjnerXmhaTyou8E,1
Guqot5KC57Dqf6w2ZyokUdPqb2zEAqA2RzKgR6Ru1fSZ,1
DzmwDmV9z8wHLKySvK25uegYSBU6yfBPHEpqTuFUrx83,1
9vgCR1CSKXgRDEp59zm3wLnU7LPeJQaeGkGWBCSB3BAd,1
64sqGDDAbMiMfE9brmJpvQfWRi3yYAEdQcbwPu6mmQwc,1
2N9fM9Pinbvs2tKKSgZhXNwgorVNCjbff1bcwJ4sDa2o,1
2XBVVG9fzWRey82tZ23BnajrT1mvT9Va58r4HfFxEFxp,1
EjawQWmh94JamZAYHFxrLZzfiqn2yTUAeGT8eGZNxkr4,1
D8VfX8Ws2NiWxHpqrr6HJQr3AccZ1qQi5ho3GETgDdFa,1
HUL2e3rJBB5tUdpHhey8xZKQvJZoFH6Mc9URc5GuehN,1
C5RJo4P4cMCgjDY99xDi5hpd4Rx2e2Fsc4gBcw7NQMmM,1
B6r9Ag79gy36x81DYXtQEKyRERTwAmexrmZSn14asFah,1
5Cq1k9ZWAAiznZjpZ517paZFGzQBFkVckukZfCrKjSdU,1
2L7iTL67xCGqqjByjyREhgtjJhZkQhe6rVvj3yvG7CDx,1
6pCs22raxzxVRqTehg46bVP3dopJ38XZQCS2zbKPKC45,1
BLb7j4xP8VbUR4qonvEeHMNxBaVUg31Q31ZkJnwS94Ky,1
GXPCM79vJorpa6eUtQjDtvgb79QDrNqKZVX9HazD4jcR,1
6HF4EYvARHs9A6exKCwCgonwQ17zuzWzP3fRrN5LiaXD,1
5xDkPiz3L9jH7hi5vNmDbCdgs8XnGYY71DLXKvKxUCQH,1
H3jFhUL4HidUo7W71AkLVuq2YkZcYe5ijcAnHWnp1VF3,1
y4r6SHQRTPMfjVEwq9jckFiaDde7wtmrFcSUn2biWua,1
CMAyrzBX4wsDQ6pR6ZdXztzaUL5mMwbhkQABb3xQgJBn,1
F2Va7H4143q6cMwQzA4vchu4sVyzprTaekagPmCmgEtX,1
556QqVt8SCZeELY4hBHGEemN1df7QUA1JP52UqqFpzMN,1
AgYN4H6F9yV7rjWSFwazPbMPH2tBAtkQ8Eef3jK4Q1vY,1
BZzosxUbNe3BoSDcs8WQs9BEqJB4dF9JMBS8P8sy9FnQ,1
BdNnXdWDSQFSYbTw6bjmbTSK4szsdxRQsJkS26zHgkuV,1
Fzok7yXhvQXXC1ChSDqBnJcWN42ieXD3WPH64PnmddV3,1
93meutd3i9thgExpm7mE7E4Jdp5QwjzzarjXRzVREeLW,1
Aezwex4ZkAqgx3TEeLdtx1jzot5hCF5jKyFLkxPBhgV3,1
567yVzp15TNPUpYP47uuv6cK7GGFVnpt3kuGzqyrfMCa,1
AowhKcB1THvDnrAn1wz62eARRrBn4FH9DnjhQwKQhYU5,1
9fmBySFcXfp9eqKXDXN4zqs426K3BYj7Ma7mUmgu9K1N,1
3jiB2EE1E4n6KLn9q3sm6MYYEy2d3EcVpwz8s9KYWdME,1
4VWRzPXpLqTRk66oKZiubq5jRcfwy9B1d1xRCmyvyxou,1
E8SU7sxCJZ8CPKZMnZzw2DvMagzeJ2weokiB21AkKguE,1
5z6C7eGTixmco8YbU9VDAXnxNqpd91yZSDnPwoyC54eF,1
7ff7vSBVqww8WhvBAD4ooQXRxTmNZM96o69VFiNCEcVE,1
GiYkxckEkcz2ncryJQTp7bGhhz2truC8ynQcgajWa3kd,1
2A3BcCHGJtFBxWsUycpBa4iNBuQVQGeB2pWjRF9ixuZB,1
6D3NJ7TnEDtwndkPvuruVcZUavBULCHfSjGJ9Ax9TQwM,1
ETYHRKrAhhVXo2v7ro8ZHHVnoHjA3TJZa45XZ6ayA96r,1
HPREhek2vWPdgCC2Q3utwvDgBUxbzfXSYbyoy2gVw2Yc,1
63h6K1a7k4ZoqKk3xTK9z3oLb87vB3Sj1dLMNGrXNpMr,1
2QBJMQBRmgjTtEiVJm1vNdFoUC6nSvGyN3bBgxrJV5uR,1
Hee5dhEmNToekzuaKVHyejYVCc6bz7BneGh1YhsvA9rw,1
AP9PomHNRfd5s59XYnWFrFd6SX9EUTL4SD5gsSmqNkJ2,1
9jjW2BiqHoEa9CrpPj742pS87mmxwwDXLdkdVDdqQ4y9,1
3BunTtYw1eDS41FhtAiuBwwjhT7M2TDdGKxkeGT6RCDN,1
6BF54cmQawZVoYNJT61NckzMfbouCAc6NenDrvf7K6fz,1
ASBCVHLXZQzhbvPHwM3xeiZtJmfYsPFDiZvy5oVLLA41,1
Ac1PJYJqwK2TTYGrihAQf24H1sXRoBPGXAtcsuDEmFG6,1
53G3EgPnK4W6BpC1RqBmFGbazoeuu7aEk2mVRk56Jo5i,1
HjwRjhpCR8LSzfFV2gcjX75Hmczm5gFTYkWHwY9sd2uF,1
4tJ5XL8T12kwPK4awsxA2D3cG46hp8gE65oHg1baP4U8,1
GiS8bb7RkuDAk1nGj6asWY8uJ7P1uQN4XrG3MuRk7uuk,1
Gpc1NVEBE56PRNAFr9UUGtxBNBh3RHbaG8qyt27hQrQG,1
Gec7QKJN7K9o1FkddNJgEQiX5kXKPy96MT93EqbQyorm,1
79aQEb7CSdtNspYq6vbKuSJns8dqU7VFWwuiyY7NmSPW,1
E6SVaipbZhavtJZ2PhxHjgSetaft7osihVZ7xaQa9NC8,1
E3cJmxvr2pbE4fnUJUisNySDJePujBTdHDx9hZBeFEBv,1
6PcfzDmkjL9rpL2rx4oLDKz1GWj1nfoJNLAWDck8ZMbC,1
8mqtyuaxSNvU4DFU5DVVAuF1w4serXQyupKNsGpXwmzr,1
5UpajLFR7asvi4LKqeBEUj3GTPMNggxifJzcbWmEe8de,1
8cUro3fJdJ4NWzLKxLfDbgV9qQMQdeYaQsqsLoWFgWBw,1
CAHQw7YEdBMR2YErRusYpMSnWcfg1vPNkFn76xY1LBUH,1
5DDeUneihCQqVyd1tjdtNiXsQFraqjNTy8n14bJPwbsV,1
E2LJG1Rkzu3B1uVnVhLnokYeToEufhCzNh3VSbGre422,1
GBvUc92ZCSaJVfWJL8kAyrDWhA45UNQHotHvBd4jkoHb,1
yTM5APEbWb1GBBtgsjzTF6ZYw5pWxqCr7qKykWW7qLS,1
9aRMnCJhuDQftVW9zpD6o1gusgo3ecUJeGUmp5ZwtRnd,1
2R9QpjvkVKryB7AxZu1ALHXcyKLUyjnHzPpXVR14mRbo,1
5qfNeRnH7SNSuiXvPh8XsAMsh7211bZBvkKMgNJENoA2,1
VvcvxquhETeFbbH8xQRD8SjCjh8Ky3srqDfJeMVWdJX,1
EzRVjL7EBZirRw4Fv6uC8JY9buUzfZQzFATudmjXB3F,1
HEJkJKZ7YNWSTvxB1nSTX7U74XyfEU6mAoYhNDj95JV8,1
676yNzbX2oJg8qNN5nLqrN941TRytDH8d4GTNmpGjaTN,1
ApQZezbM9cxpkkD1QDAe8VsUn1UvnSSPXkRfiDDo5ZoZ,1
DV6wniDCHreKWQQ457h5rbRv5Wi7aU175bV5gFvcKShH,1
2XyYNiWjDYf2k6QjUvGJoAGREdyD7eZHgzaQVtNba1MU,1
HL5v6itaM9j4ZiX73s9BqZarmuuBAUQBT11UCqgCHp88,1
5pv3YW8Q39CavmGL25wL1beBSDTdsVJMuFJCYYkTKZKB,1
HhuJCViqUewRNXrhwNuXCC7gqp2o1cUhx9a3nqEGkkqt,1
8PhipX5GMpERqSxEEyT4uqWRJ1TsayRPeojoH6rwAkrh,1
AvUZwym1Lp4fd1uReBrVJiauLbMKzuZZuY8LEdjkJMjD,1
DZAbGb3g3rCxdJEdfWVdAtbipMb4EwUmiRBeNwTZP7nT,1
3onByoxZ4zc8NdZ1GGaHyAvwn1MpkWsRhpe6vNfdyKwo,1
82iQ18M35JxPnnC2jGxoY7nwMjyBibe6TuAgFkkUCn2S,1
DWoVsP2rSHeqdgNv7Fto3BDCNeU4rLBB9aNXy5TJzNfZ,1
351mMzmpEp2SJMwfbgYNTMZPiAitu3BfgNUKiCJBDkDu,1
2qU1Gto4tmxJMvt5EYPNNM4DL7d2Lfg2BYJd4pN3dr1c,1
EqxyxigyyTf4YgxWwVJAueN8ACUjJdVYKZRDaRebz4T,1
Hky7oxqSuAPpcfFEByQesCf4v5psDce2FPsHqzBMpjiZ,1
9k9Mz9j2MoDMn1C7A1N2My7UbtCnUsNBL42A6x9XTeBp,1
7EeUBRHyHhAz5aRmpXbL6qB2YMspZNTPpmkfmsQhoBsP,1
4B9LrZGRptjQCoX7gMZLSn5vnAxgazq9sQbmMVGXVWng,1
4t6MhJbkd9tfnuYzdLaDzchPQT27RUsN5E1TCEm3vdUV,1
ZVgbts7PfRqUQ8VnDAoEpPpD2MTHs93Znd9p3WBrfJa,1
6dgB7mmyxzcobztUBo6vGzcYK9yp2e1p5giqrYRHKaS6,1
AFAuwj2QuMPSaXarvsb6bspjHSnXxJbEUNE1cLVykpW5,1
2Ss4cyUTM7WpEcxYHvmYjXFw53Nk5QUuChB376y6rv1a,1
Y8QqeC9nqD6Ai2YM1nxZaXdPZNWJmHSAJT4PiXrpdF3,1
Ap3s6w9zkKSyTvt3Gpc2kubEwYGo4veiRADgqqdW3767,1
7AQMfkkQze25gZ47ZxWizrSUXC5hCj7Fhz8hAbSdYutm,1
4F5ETQyXRaw4v8ZQ75f7QGqRPrPa6BFjHjNDeyEooHx5,1
FuNzwYsXyY3EaT6iPg4PNT6NwnWEtBHtBgv4U1TzybLd,1
2RjrZyazya6d2X7SwaqKUuNF4epu5fK55XipuJofH8CB,1
Fpx7kchWuTK7Kf4y8KMG8QyANWxiwFAtRThk2F5PLdzh,1
3DXzcLrQo3PiXWDFzMyWJX8J6mpCNviDHBgeaH39z6t2,1
Bycp1d1YxRNoTvouC8o49iF3CnkpTFMqWBYDzx9DiqAU,1
3MwydHQXuBvnwcqppKmyr8vNjo5ErddEWhvrjddqH8kK,1
4xZHQrmzsqUPz5pX8s3JfqJtV5uBfEMdbNKN7GPvjLyr,1
AybxBCdKYgRMmuccePbLYowaPfMjZLcEvXX1CoPTZP74,1
FuasK6Nbh2VauXphy59sXotC5MTTAoD9Fk8jMnLGa9mY,1
ABWxDM8YQaZPJPbdFcXPBk5EFCgehKbnwiBFssYwRft6,1
35rG7MoTiJgybYy37TZUNnPYo3TSHUnxyu8wd6ZtxRXU,1
7fy7WssRwez15AaxMcVkyjqHu78WXkL2QH4eZyhmJ9pS,1
7aA1a1fsW8nQ7x4Vv9mTfpbVtYkVSsRvzg8UnXNCtFHg,1
E2vGUE65WJfphoRtz3ZM3yC3hSbYrsiRbA5gkcbTHFwU,1
54pgWNU3PGd83wfgZ9ozYaPyHrKAZoukoX2umhMbiYen,1
4VWzXo5BYt79w6Yzp2QPhAFv81DAzqVTPNeLnouNN7Mh,1
6SDdyx6HaNvgaJMtjgm292NoDucuwZqAhD2fajNmRq56,1
GNX4Knw6XKDZB5dCeQvBUtvEwoiMiPQ6aiEsSbSxRUyY,1
44KzqBgtXJjrYLi5e6x9ipURpPwcgv1Z28ReT8hV9W9p,1
gBYHntD2rWweUUV4bb8fRdEYhtHPacxnJTVmrZzaVoj,1
95TpkxueFidtJGmtSGXtpwSW2cb9Lucx9JCFxR2cu9iv,1
3EPXedHVXXe2TbEe5W1bMNsH4UCjY4Xxg3p66XF39oHQ,1
9CJX5V5ZpBHByZJ59konKRWfPbcvtx3wz6Zpz3FCtwLZ,1
3u6Kux1yYGnTd9HqHZusuDcVw3DqvZb6Gi83NLEU2YK5,1
EMWtNsxRJAADuYgcZgLTD6QY6FMQZYKusm9XSRyPZBMm,1
AFryQ6V1cehSRrbc4vQiTJ198WZzZiepGUK3HJhWn3n1,1
A9j2CoNWfK3DiCk8yx6bmUp1fKgVE8gjLkQ8v5weF3xL,1
8EJygQJRsjkCMpiPLgstVoDdm4ewwWHaQ9pegZRuHww5,1
2UyHw9vVsCUQtwkPwDUEB9hp3zwiDKv4b2u1u9GRVeUB,1
Gte8LENzgZXn7VuqVUXhuxcbupMHDmDoN5WK1hJUh4os,1
FB84KTyc9ej3XUYbWwXSox9KcNsgqzSAfJXm2ehXrNN8,1
9dnAU7fkRHdn9UebDpwZ8ZXUZNxyVxNSLMfpA1gR5W8J,1
6BksWEnP9JKic8cf88YRAMhDLDPx9B7E4uKo8ZLCt5BQ,1
6mNvrjqch4DQLBZmxWhqxcT1kyYav65MKLRQLY8DAsMr,1
SCdLv4XfSXX5Fa6z3SKwwXmMwDBxRn1S2N12vRuAkko,1
Ae9izGuyQd2c4wSyxbknjgQBLkW23bdPtkFv5Yzs57ke,1
AnQfTrRMiqfsf23b3ts65hnsaSTSQ5HRZQWjxUqFfXiq,1
CXxFMtXR14dFnMbjvVxVmjySWD8LP2dkrveWL8tgW2EV,1
92No7YpvUvq6J6qmQJYgwUTg6ZNPNALYZZB5SJ9geT8s,1
FvKVhgvk8PqPHK4QRLquZj8VDqYv3m9hgEWYts4cTvjA,1
BxJpgLVycwVZxogT6dptafk96yKLQngRM9qaQef5qGbP,1
48RD7GTP7eY5gpwTKgxEjNp8Pvwxn4GwVvKnGdwwcLpg,1
3mGLXXjavg4JvwLFZid58ecDxvPF45d7BbXk6tSQ2aiY,1
F3rFEA5bCBXWeLsPi3k9rTioHTgkWJkZM8hvdQiKhmoY,1
EuoUkHmsj3SFKXCH7EZY3MiKaaXPKfoPE3vTdYDCMg46,1
3x5fT6o2xHepM8CTEnrETRfBJs8LWr6go6pDqaxg3cCC,1
E84QLAKFVSobjcFW5XjsBCmE8fLtw5yxn8Me4GDFmUmU,1
BiJBFyvbBvRnZSoLmC9t58r6FasfWTTCSyaYPZcqqK6g,1
82LTEczYDDnUUkcHUKo9BnHh4m3NbGeAUUcRCHHQYG8u,1
En5WeoQ81DUyHg68LHwMQJX1KxQ21YYMy633SKiXsRNR,1
FAhGsp5Uwo5L3aEArjzKEfSpLnEboJqN4ez1u23dmCVa,1
7vts9SQpFVB3p3WJzo4JPKb6Kgy9KrfCpVjTvxJyuXkU,1
2WwPDvohrL6FpqPgvmCjEZGS7H3dKiQShTZNATnr92ib,1
8ESTX67GB9KfNWeSRoSMUCvVoaNpNeM225cjW5drDvxk,1
HtCDBwKvc7K3R9QkKHvDsG8Z3MmfHPodJeUwqFxKdovn,1
AkxVEDiYmmzUPMCtpw5te783jJYTqq7HduZG11ALqr1w,1
14p1uireKzhoWhZ1FCrGe1J4H6HxFTRSdiSMyKsrdfPZ,1
J3cRRQQr5gB4R2xFtPrFcZnti8BYHFAp95GdroKKMpGL,1
9NrNXxGVCGwLPAaoVn6wBk5W2LVMgxmYEBuXEunQWSTc,1
BqT5uWhxgni5TtnFjpQo928zmKPLJd6erLQ7Viwx1jW4,1
AFHimcDmuJUYGR2z8zZsp2xuAJKn4cB5Bu4QdgjjJZ1j,1
EvuxTfPk8c8b9XePBYZeCaJMdqNLY9Usp6Lu1iWTc8s9,1
AqQfzd2iw9uoZ3PN67mJgfCjR2ZfRiifCQP1t98Yrs8X,1
8vKyQc4wCWZAyzGuH8f4Q7ZC5CDC4Mfmtm1DHnqfhsBP,1
AaNVWNEdaU5p5nc46RJraUao8MztWodPEF97BuZxcAmt,1
DnkJJeBM45rK7cjtKSHDvdAMJ8TP9mCVAtvuGov9yYnZ,1
5pmfp5bSbxRcuUNsW2FLbubSiyD4smYaYLczdkZPEfCJ,1
bYUscp4qgQap7iDu5R8tyBz73dov4j3zDV2FgDUvSDx,1
D7SCsFtfMAu33Fwc6aYVaNpoGFRF8SsiHRLyzWZSkfsA,1
6dakZbUCwjQT876mFwBLmiarm78RH2kwV5aecozPKAtr,1
DdxXndq814P5HcDP3BweowUHyqjSRkrd72eWjW5W78Vp,1
9NXyz79mC7jRoReTvQ37K8JMPyRWGnJgoFHUVXkeg5Bm,1
3hNMXyYQ5u8vYnSCy4acxyRNEhA4CHBYvPBGXKLXsqwn,1
2Rr4YhQEFEfVqCpJLnqM3eA1xZNRtsTGaegWLTHuoigP,1
CbJN96Kr9i7o2aop9MaVvBdcHmarBa51HZ4VKb3FGVAj,1
5f6mHV51Xiz1YsSwNNrvEKkH2XGmPmiiFUgnpUqwtBjq,1
GSy7j4TQswTpCjtSEkZ3rSBdoUU4spp4ygndQCMe7jdL,1
FDdAu1owkodXGubgrUL1aZSi1JPLBbxSW1nrgGyWfgaS,1
Eb8wtCPuuVvxeGTfsCDu45QatSRwwv3TSnpLDHS9byxU,1
f9qZT5PwaArMxmwxSpvP9BQfdE8fWjKXnBc4xCbJBKy,1
FspCE8JboVXrq1MUjn5Jssb7YJpwUXU6BFJgZctdJEjK,1
2JEUcHv4bwFeERiMBWc6LiMCjq6kQoaDYa9D89CasuiA,1
8Qv54mfBzAo1L31VJsuNNRjE5EQyHxJvsNWTjjQrXoK7,1
2efxLbCTEjhTRqmarLzbGVwtDKsA2eWofpr5GwvTqjE8,1
HLTZrKgBZarUvXry1USDoV9v1PZvpavtHv1BP5pYv9Cx,1
6gbPCnQu3cHQ3ciD9nTgNV3MmXDCisn21UVVWMvXRuLT,1
BpN87hFcnP69mpjkaLK29eRZD9338k1kJLk8dDAiTZSm,1
CA2dLMkbqZxuvLCBmoMdaAAXu8qfxAnUhSZpUuQX3f9u,1
7xCXz58jsSw4R1tgFAGg1dcApiDERZsHKx6X9XHyryo7,1
28ZpAQqBqzTj5yVA3ejhzxYz2jhuhPWo8VKTpyFMHQgX,1
7ARbAS7QQEck2mg9DZKH42HUvRLNTQqtfDZ9pww42qqS,1
3rUbcJ7ZovJtJQgJmEnNPjxiMwm3z849mAn9ZryWvr3S,1
Awo85uZPfpkacCaozFB1RAumCGBAXSeygRLtyk5hfZ7q,1
DxvCvxBrHHukaLyC6t6jF7Rt4gTm27m9rATw2kXiDboS,1
CeubxM4ummKLZN5dp4FpTwqnGqNMxsvMGrdX1EthNEcZ,1
yqUY2CxYKmjujvXRQwTctB5zAa8uUGtTie938ALRNF9,1
Btr1fcaRMPZQVGEA3TrWZCZmWcCB5CfzuBYoEqg7WbTL,1
CJoK1ietEmSLkCtiKtTruCHZJ8GbF9Nkc5SQ9HFhGP4h,1
8FfaRX7iDc2VzbueFE8NJFyyq6w5kVHmmcfVjxvRwghd,1
EQCEWDAiwkb51hdYNJ2pF3g4q3srK77ZAw1MYa6pB7Yn,1
BSmWEKWj2vQspzyF8RHrqmhSatPkTkiviWJ67KdzXAhk,1
8pFN1nu3ejuJgm2zKmGWnA27e6KpBo4Hsc4gtduhqewe,1
9wcjBS2UVJDJ1GoN2ANQ4pNW2LwGDVo9x7QfJHHLqYYV,1
Bv2G4B91YHDaPK1drAcczvNfkFN3PCTx3xJmAKgqXW6H,1
A2m2AwhGHAPa6Vr6mGEXSvRgA9yUdSAWUhiKwFBxnUkR,1
5TTyos8SYmwk34EWjQjRGFGgHH6G6vM7Be5TLfGvJTaZ,1
HiTfCqq2E5WANqmzvzt2y4xzDdhLLV278SNM9VQwh5U7,1
7m8vCB1upni1FAzwuXk99hcCHDYpEZ3ftqT4VLmCLNpR,1
DWwBYBoX5KzrCAUXJUMycb1D4r2Kp8wzgiet6jQ7aUqL,1
2ak5u7Md4UmB2Jx4H3piBG1D8rrtfdfhZRiRXaBYpETQ,1
9Rn29WSkHPTdZxy1jPvdR2EnbPGQHpGTAmq3m2Xv4KuV,1
HznzKyLbXp3FE8U6zxYi8MqkTDS4QbkLWZwddRp7MJzq,1
AonRRAnQAzqtnupLmV4bvj7fT7fsdJ2wcp2DbqGuvgN2,1
7JpS37tZmR67DiWJyvdkfsmLfdtxFV8J3ibayohP5ePd,1
5MtaApnnEjcmHa9WjnyZaNqpHWhesVzh8w6ETJ5H6uzh,1
7srP36S7BvBZbYZ1r9196mjVttUBL4cfn2qkDEAcwKZV,1
C7LgGK4tzX4mggZPEZWEhVDEoe8WzKnTi7YE46742Jte,1
Fkof1epwMtTSL9PRGSBYguQgRU3MPqupgjBwN794JkQ8,1
WghBWzuN4skdZQiyLfpMjq1VeCG2esAU7mDu7FSgTa6,1
EnBfbfDJM4wqQ4MhYRaogDWWWQob5UjehF6gQTRHRXVY,1
DdBBVmMeTmwsV6TniC7F9JvHGJvDm5GGGaBRNipUkCyB,1
C5HpRPTDF46UeF69LNVxZxxJvHvLgcmxzkDX6kepM1S6,1
D2PR6fQh18enqPv3BYjJAvdPmszH3T5H2patN35Nod8c,1
EdsSCmMztui2UMdZZjmdLGHqnnpS3yhnxwairWs42Sq2,1
2jrmGU8dizUy98pRFwn5XaJr5B9RJah3vsn3UG25JWu1,1
MZgHwrpoLepv6yuzM7fdAKd5WXkUi5wGNq4CAkTYrXQ,1
6XojDLA5NszMhauoTnfWkr744kkL3RyxAxSuNGqPva2j,1
2CJ6nz5nXjMQXD3UjbXah4WR4V1YSDLUB1AnetZviTh9,1
2EBu9iWpECNYffV4SJQT6wskBsLuX6caNY2GnLa8pX86,1
7dNp88kqq6Wq74Ch5sRMHaZcpBie3oE7XwP9KnpASiF5,1
F3RQ6Ctb6Vqd6saqs5FCdVFZWqXKUz53gvYt2LSb94Uc,1
9inbQdSUXHYfHY7cACQVGoRkqPCNSCapdAx5DFznJ8Qh,1
Ff7TRRD6Hkh1fwji2kQzBgnXFboMNtgMYyTEdxRHWDJb,1
FPAbREWjYPUhdH5AH8X62WoAsYqUEQASMmcVFwrHb7vW,1
9YhX8x4uiL1XtEggxtLSr7aaJwv3rMvCJ1yEZ5gKV7sf,1
H65kbcSqk2Usco8gnsq1TZFb78Y49M9izA5yAaG6W2DP,1
2fucStg2uBdNWBqTSEFF4QyQGLWQPaz2VGcKBiHpEaCe,1
H4NXesqnhEFQtZDu38X5WLLumCms6RGnpL5XaxR5qLvM,1
CWPwKinjm2ZXtBSpAyBvXGm4HkcsgrCX1z8tJmpTEiUL,1
AhKHdne5urtfrSQRuPPyHGtN5ZmA6ambqbBbXHvepipC,1
TcAgGWYnr5uVQGRiU67C1ynpH5JDKCmwWaCA6V2ANea,1
4NjAZzxw2mS53mWfAXkoKJ5DWpScyR5dZh5Jtxsn75tk,1
5iwjMJxZnXe2Jofu1onuaj83QkFKAERkNC2TEnU9zY4t,1
GoaiMgtugtGKEScTaafzaQsLPToyKMpM9tWdbuLmp2Mb,1
Hh4dfo6qzRNptnmwne4cgNSBQQmWAVf6MxrGu9WGSTrX,1
GVUkRAoFw9HUPiG775AW2iNc7XUG2d5Gj5DtjytYTnbK,1
6NKY2nfik9cw6U6FvMWg1xevmD8mKu18gEMDLXvVf7Zi,1
4Ff465kvcwiHM8raUhmiDyP1c5xNv7WGdRdcYUyZnMQx,1
9zewcKVWg3FYbxSeGuc3NLJqnbnVDLaiW1S4Y4dUgQTy,1
56JxvypKLK7nyrLRYUECYxAWcAN4Tumcbj8JZ5FqLZBq,1
CJCxxhh7jXXuw4rxzRcqKn3GAZrEAZfnrfuxgSnvthuc,1
3nsc4r1KzfgzsNgQTeQXejZBX9VfojpWaGrVvaVpWmtB,1
61zfiqeoc3WA1PUEDjzUtQbPMfuKdXm4VQSZV13XvPG,1
6s1uSSN5fUDVkrHoJCfuvgwfYFzpGtd35PrMfVp69MMc,1
7JfqNf78xF3amDvW9jSEB8WUyk6usdhKH2U1ETW6zjL3,1
FwhdT4qZDmywhWXFLcdmAVfW14Ud2Mdht7TnzMJmsEBy,1
7b3AjQDoe5h97imCU5LuqitUQfhybdjvx9psnYjHqM26,1
5RhgcKyoVnEXbLo4mkX2yPhgap8GcRKfL1cgkGzRiv4u,1
BUKFiM3Gm39VCuXtzTtuqd1FrwArgUwGh7FBh2Gbpi4x,1
CVWE4aL15SUAue89ck7D7NhzYRBwWCHbxJPXgUC8r6B6,1
4rmdUeeZgnNh5v9VVP7TcbUQJ8P5xsu9TVjvi86XBq2a,1
2uaUJfMmTbkrHrTAiYR5HHAftA4qmZAP5jM9yJ6QBUfp,1
37LoRh29oYF9K8NWYsLZaLMr1LiNcSFy9JpozaCyp4Go,1
EjRkAr1ZCGhWZVMgf1iLi2YHCANqyKiJpzUVbVqz6Spy,1
GdFLMtUnDwmBDP3NTNRbdd6KiVNgkGueuxeGdY7P6EbB,1
EoMSimYogyKxA5jUVHsr3q2MvwsdRJHG3JTxT5JA8kPW,1
D9DUPzVUeBDsPnCunkZ3spvZ1fyEe57TeJCaNLJ3ZUAq,1
4JKpTm3roGGmUXTFzGhnuFL4HGMBNrWWTkqTwjtrxeC3,1
9j2vSzR4BEuB84mtH7YFyfJpLa6Uzh5wyDC72pYeo3Cg,1
3Hh2YWfqFbgreKbsZTog9yaVCpXh1a9siq5BkSf954kz,1
DMKSujiv2mhEx37KSGWi28QebsPzr3cgZbvFeMMjeKnk,1
Hv7Kj9x1VGqRfes6TMNHTRavuoFcRzZmGajjcu7JeDiz,1
9CPtgyLz7ARkkBwTWhuPBysdkSxbgqYAsKYCdDqDLEob,1
BWKXPEAz1QSfXtW6BJTJxEPCpBNfAUtxwBbgPrchBGpS,1
G8ZT7Y7YHt9n2eDAMGXEcTfkFjXR6fgKvzJpMkyqfDun,1
6yTzz291dxjkCqQYh4rQYN5bswSeGSEFZ4nozmMur5YX,1
2VQA3FT8tWRPgiwVPh2oKm1JTA44ocGspKn8yRZRvXiS,1
EWq4oigjqM4X94cmTyzU2Y79MXJNu1DB6YqpRt6x6ePn,1
8jV8wh2wMAckzweLKXyTvcRkEJYz5gdy13GiFZKYT7sC,1
H1KZ64un3w9FKt8MY4g6N1of4GSbTRS6W8UBv4Cx3dnJ,1
DUc4xMxSZa2LRR8twttMcbnPBk4T1xhbVrbheiCmvwtG,1
EyJTaoFwBwiyeEkaySXX2hNKenf8p8Cmu6x9AWFrUHzX,1
HvZoiBkxqXcCM4NugEysJWiez6xMvDCQbqMBs2t4Hzky,1
Epk6ERBDLVvyt1eRCdqUU87FWiiMBsWoGdhbpvRbPDqF,1
HusDmGCAh7qWD1BU9vrVsjUaRv9tg8fUU8JPhoChfTB1,1
A23TUsSXCgsGUzE1rDKzChMFBE1BNcJ7NUW9ZXMs7xh1,1
GyuKA1RDL4y89CYBipiGUJ8B2ZnEwZQA3NQMBzYEXqoj,1
79R44rGWKu3VsJiomSGVtE5Ze55RjzUjANMsRVoE2j2h,1
HCQVj7YDMSALreLCsKmEpooEEx6HCs2FVb29JAxbtUj2,1
BgEY8ZoAE7C3FtXiA67SEoXNKtXnfuVoWGAEmY1LYGDM,1
8TdQCaKYEUN6bGe1pjCP1bTEvTZbBfebeSsg6x4QXGwH,1
DbgWoZZVkrsBuvFXu6oTAbNHBPZheG3MJNm6YEos9xeR,1
GudSbZiaKnhpex445aG7oKtHaAscFNqgQR2gXdvB4m2w,1
5EcJevf5bj2MKFC2ZXkKJjJtC1mpqHygUKe7AwUycnB2,1
9rLsG4ZUHSQFAdMxYMbKccT56Jkvqgavknw9SxXsPyc3,1
8ZrKmSut3nhZDZQBy2jGTcehKhhz6NgYtiWY16xbuk3R,1
aTLsdWdwwXS7CfKVt69JBweR8oFosKRV24PEgepisXJ,1
Bdbgs1d27XXhPDeyYoLzm3EGEKPUZyUjYTxv7bdnAbKx,1
8oBNtLPNe4YtVFRfYMZ7sumjB3WbcnuBFKdCct3o42Gx,1
5BDm4XdVgNDVbDfPnJ8nMxKQmZoL2o3J7gPDw5Kfi9YY,1
3tpfroLrGJo1Lt6S6Lk8xKBfZdsMwjqUB7B6qVxWXXZa,1
2vpzApttXctnS3qVLadX5WW2co6P4T7B25keS9NVgx8i,1
FMiuLDX9dpP6zQLuiAUyGh2YPLaCZRwH6LFjyy1iGSZq,1
Hew6XJcEjQAx2Pi4GWogr68dmbST24g9xtumKBqvhkdL,1
8w65ikftSF6ixjVGusHBewrnWyY4F21H2jW3PuTMVxDg,1
5bKkHmYhpoLwf92bjdtr878st4wt8uRTLvik3sksLGBg,1
9YVhHQJowpXXQkdMzkgjSo7p9bB4tTQd16FF7YKeqEaT,1
8srfCLBFH7xKRw7TbYpyCmp9o5sCDhURWmvyG6JLXDfs,1
95WZW1D52kM7Vjc8fqG72R7nvLDGqyA9BhxBr2TjuAVi,1
AzLBCrn52Hx8QdYrDPDFJiKpW4N1zYmveh79RgwLX8Fd,1
Cv5HbBXaJFPVxdNud6bWxzsQLm6jzmc9asbYpw4kbQ1r,1
FzdRzpsZCvWt8DfZAnSdA3F33J5Ccy6ppEyocC74j22G,1
5z8KFyLppuAEiJ6wNPdWcPtW4YoCXFvtBeBDGJ6wANdP,1
5wbnaxyZTHgTobu7mMusypTmNCZAtvs8BM7M7FyQzGmR,1
82Mdjkd19auybHF1TQJWTvPg3789FAFXF1TnXnndZffe,1
CVBdXQiNmfKSqKrTH9RVacNZKvqApUyPftwKLAfxbMh5,1
A77wA4knhP4REzM8m4BSdteSZiYTUX3qCBViEXDUk5AM,1
4sp1eby3d4Cww4fj6AtrM2btZ3XP5MrJoJ8W61YqaWrS,1
Dfc8UPuSpYtPaMLc7UjcUdMXkfW3X1yojDLzp26WVzWH,1
C5DwbMisZF1FZcPihhZMi4oLRRsNKDxYtDNyNarHALDT,1
7wUXxSqQgVpL3AGbbnMcL6N7oUpnVTYUh9u5RHxqvERA,1
DN8Y5z9vpG56EvctUKZ8pVjDRG2X7K4kojSDyB55nN78,1
EHcRQ7KjVsdXchrfU7sB5ZzH3Fi7kjACPPN2yS6Z3poL,1
H6djpzg15Ht7MYcNkDvpqs1JjuUGjFvDb48UY7N89SfQ,1
6jQzutzkLc8qfwRE5tvjf2bqemSjgZ2NKVjZQdi4f2wK,1
HJWYcpasS5qEJThh7w2PYQypa3ckkTEPLH34D3xLyzqQ,1
46TrqcKg5VvmHpxkrkaD9nG3acrtKms5fAanGDRgg6NH,1
8eyxMzr33EEJhDquxqUSd8GWYfsKaR8QS4mAyy3wsQR9,1
86WY456sBSA3k198FADH6EhCtVDUrrMQkBffyfxddrba,1
5xBLDFDryadzcgXGy2Z411yu1pxufGnmGPniZvenpEZX,1
A8vbfzSXKE5AaZdLTbSyf7JovAjLU7QNiyBPHy5VXrME,1
6UVvHociFtUSR6y6c5v6sUyqp4iZADu2APz5nXTYZxKf,1
EKyq5jLBZG8ALwXYXQpBaNcEWRMTHVqpiC4GBTnj9Goz,1
Ds3iTZXvdcP4uPzTw1EagkLXHiQ1cWFbns3teNQ2JeDP,1
12NZhrj5FRoqXKM2rSdiN3MF78AbeYckiR9FJ6wQcZcR,1
aqF4fCbLeHAt3QDp9JsjyQKJciWDHocQ3hQghwfFN3g,1
D4mdiWs5V5J3wjjFye9BaYq43Smdg2TpxjJaEm5rWP8S,1
BcXjZUMYGxqj9iQYhHzCcqgzjmhiVEVFCLHRMP7Sm11D,1
CBNWrZY1hJx276xXJ6GcWcPvCdUS3XaFvjRNYEFiqK1C,1
8PaeQDgNWzWHkx1bjPxgp32NFvMeunfu43WwNBrQ8ZrE,1
45ATU4w572VybVJiLvoNV9wjPGYoX5C2FTEq9SaJP1GC,1
53Bp1wrCDzMtCS9Djw63u7BXtLNdD1dVhm5GDSaSeymC,1
2rSpV4n2uGYL1souoaXhoNoyy4y44duDPSqhshqcyUom,1
9EgxSxG8VCei1Q3dkgvhEEvyecS1p1UD99c4c4nsLQmT,1
4gvmd4T1mf6GaZPs25ZHTzmPwu4EB57KN3tj5v6DV5VQ,1
BpZZggT43qRedAmy1fjE3bLcLdobvAQqmXA1hYvviVS7,1
94ja5iFbgEg2LLH2R5Qi6eE26LTE3BHSaDASz7etmZVp,1
EZCDiewzRtgFuzfUs4V5qt7jAZhZwekiRpqn4GWtPoDY,1
F5Nisvptt92QtfA77gTMhwmZRhBihJuPAVSMNzkS4Qwp,1
9NkgKTJaGhiyWt3aR5PH4NEf3MYwtkuFqrkDDCq6QvLy,1
2pJCuT2K4zRzkWLkE8THMjsZyKkANB7VEy6Rk3cM68rr,1
AGWh9cyi7F2C57oiHn2sVUVow1reBLWFBfYW1WEwcmfZ,1
6ZzbFM3yrggjGX58wG8w71m7w1XeN2VHgVwqp4fXrQEX,1
3dWZ29R1TZoqfWUSy9iGwf7usUs5p21zgVKwvy9HJdEb,1
BAg5SNJK6qmyzoNCDrqMHFxna7Cj4yXAPMR2AQNvYMY8,1
YzuWBK2XpDeoVk9u1i2kfNJZqzAxccvs7x84xRrp1o4,1
E6MyaKxEKJx4dHQdMko1e64MrctuuQR6ML7fLRLYxxLb,1
4mLv9j9h1Kubk62G7jcy4oZ1C27fVqnXY4ebpSqJxxh5,1
3ZXzPKLUCDxw9K8o5k1AoEJiMmwXNxnspbsb2VHTAUaE,1
HP7roAP5JcRxUwrcLcA7Q6gdcc91rxXvSAX4meF5i77o,1
EbYPrzSVvVmyzyHpX6JNaFrR1X9MmWiQJhFLf1MyAY6S,1
3rJw7X3t8BfWZ9sefQUbBG6qYxBvNaFbW2NMENS4mjQk,1
fkLq7q3aHLRxt8kFJbgSKWXYELm2cYedRvgstw1dSS1,1
EFiM2KUXo6bFUQiHa6ucKh78xGv7mkkqp1ZjcmY3wxAf,1
34H1e9cLVUQzZigQ9REevyHUeCwenZJiFhYVfG1vJGVw,1
CgW1Tj6g51u2DtMgUGmyx7TPNZGgn3LHPZwVWxXpu4VD,1
44uRujQDxWNpminjaVET1Eaj6y2JB4mDpPzAbo6ageho,1
HUEa7dk7y17gexQeqVa1XBuEMnGpZ3Lfeda9iYC2GecH,1
Ff5RMzSNNV73Nz3aS2ezhMdvNuE9A4EheeQky2yQDLZ9,1
6b7VxCtrpdQvULibLPBwgy3BkF9UvLq2m3vW3aNy2CES,1
3Zsf5V3Bn3L7ewwWrRH4VnDoeZr5HTeAwRxqA2dwJDPB,1
ErKKbuDJYM2RNHMMiv77AAWGifYYdtX99exfuZ4zsthu,1
HUphnTzW1KqfC6VstY3DoB5M8TXrLL5cSHbQo6qGgste,1
8YMAjFYxxeBYiZbo6pWao4ZS4THD3rL7BjHgh4Kam4Yb,1
4hxG2guLCosgVEmMwj6fKett5Vb9635F7cQn5rwkdmsT,1
5deHEvfiTKz5j1zeZNhcuaVownSoJLkYY4gbFyHSDJ3V,1
5KYsrdS3RSNAM2JGNfaqmTgpXpKc5KXjhNMtAw6HJhgb,1
7hFPDJFfwMqt96Szq8c9CJd6mC3Yk8noqh3T2fSuzxne,1
7v9edE4CXAfcT1minhax1xSyhRb5AAr7HQ8Fx84gzbDS,1
4W8ATeJzv2Dm9Ke2eDiNyEj7jXY7nEb1ZmiK8PUxMP8M,1
4SsCgYTpPca9MzqQEx9qpijGo4E9AVgaZye37PhQGM6k,1
5updUQS1RxJZyPFRyJMmVq7vYZnNZTnPUUftoorgyrZc,1
FAqGJApMcYm24mbXjD8nGibqnkmQAsVBVbTQXp54WsY8,1
GzVtRMJiuAajmkzR1eXjHMxx2p6vbhcbhSLCFCFS6rG8,1
HyuxTTiArVk43LoaPuUE6twCbq149M8LzkAgrxiL6ARW,1
8yHW8SA5x45bP1qzuk8W1G9uPZ1PVpS9jjrbwdp88mDp,1
9f5gsqwhJSeuNUURmgi5iHcV1mJkUBeUUmEFrhcCSfN8,1
At3kF2jz5ywrbfCHj3B61AktZ93PyJ7WGmbLn7SVkepv,1
6tkz7EvsSuL8Z1P3f64J49czgTqnEgKdNMWFYZ2HG1ud,1
5yULTFVFjuDVP1Yr1X6zyw1fiT2VAQreaF9JBQy5agv2,1
G83jpSNzeEvXFVHRdd3Xqd2ecZrcKjXAmcwJnz869jqr,1
Fkunmqxcig1K8RjLfJ1AnpnmRrKWim652asq24yS7UkF,1
BtowUmxPaDx9CB2vKNQ9jdxVkfCG2gEASA3qCqbPQNvw,1
9ZJTwoj2nK8U9Tae6VVCmwrozAcszwMVaaN1ik4kkqi9,1
BLYes7ZCAf4QNghk4CbQSH28Ay9wB76DRV37uYAsauQF,1
9FfiAe4wGErV4r3vAP5Q8nX3nC8x6yuzLPdBPJHDA2bc,1
5e6tLtPCNzzHNMBCGdpMJjR44JrvNu12xmTdVnxKXRH,1
4TdfbgVewaLArdKDjKTL4zmhmiYdcbzK1oBAooms76Sq,1
96hwNxGPq56PEvBUyvxL6yyj1fyW8teSDAKP3fSw92aK,1
5V33JoovDe1Mzq1FeemKV74cefc6GBrXKg5ig51sxwNd,1
AXswpEJWRCRbAcug67VXPkrUxFcVbsFzGGoYHb7E4ci1,1
DrqfL3JQy92mNYoMtHp4YDpETGxAELMYXPca9dh4L9ZL,1
5ofztG4MLV8p53NMF6MFCdLpA2k5nfn18F3Lb9nAhDXg,1
GeCSpxbp9XacGPmgxLWqHyXed4wdHdppsZMZXmugLAWp,1
47Pdr9CZ4EQNFotybGfCWeJLuXgA834hNYNwMCPg6Rod,1
835dotUpwzNnvWuHQW5DKpFjrvZp4zWJN2D2VmbPpz79,1
HCFhLr2irjKuUk5vG9qDTnEpi9C4qAamjMdPgG2gDjWR,1
EYqbprqMofRrZ8MB4tqESdUWQJAG87B1GngLaGvH3LSF,1
HkgY5b5gi9Bq1PYkXNruDvyTGQkmP21WTU1XbKiiVok,1
BAVnrSJ5dtjfhfKJgUPT3Hz4Aw3N4U91VVvJotfs3Ysw,1
FmePHVuyGL12aZBtxzDFg52aAVRSz7zhFxhqnkbDWFML,1
4GmBzMcofxnTMuWv8SF46NrXFy5jJss2HuSmX81aMkeF,1
BpW8Sv9fUBTh8LdoKhJN6VmekLCRd4CU1FaUaX8HwrfQ,1
5DzurYni1BqgD4gVKzZ4ULg9vX8dHVRgKxDy7DEfRMis,1
BVvJx9TMmPFqiRNigWgH5cnAafeBPiaGTE89NvG4QGXS,1
49hUpUGovJJzXMNYUV7BQPJG6dAm1TrPPBmTwM4wAfTS,1
DjFthGSimDC2ZDBNUo1oBYVHq1RgHUgFxAHai9PWUr5k,1
7fLPwHGfqawvGL3D9G7ntQaQtjFugMG61ykKh4hFbRd2,1
AZTshQPaMNL6f9CFNTSmsAXV4ciDkECXL6Gt8DYdj2Su,1
DV2Uqnm9sZ69sAuBuEwSmQHQNPxVEmBp1kjkUTECBQdi,1
9dHu9r6wgmxnWxPhUNSUReGFRxzYNfqdYqGbZRFVTpmm,1
7ABQpYFKSKeWdQUtQijpYjiHqPUtBVkLxuhi5R3G1fbP,1
3eEXnQaDgYcQo6CESUKtRL2vZZtUKirZRCWvowj8Dctx,1
6eZ85qixQxtBjQ8iJPR3y5UnaoF73bcBsNCLP4MsBC2w,1
3ZYTMMdtreRaEuZXP9HEkJbmhWHpXJjF1t9touDmVqzG,1
3xkzbBj8JSwiMK1sykmMFKGAwEu5yhDyVdg6QakUpwzX,1
AjV2xbsLjChtUp1wcbHFxJ9T7sHMt5Tcg4zXakMH2N4S,1
7vJWbTveiBJq4iar2XZWTWPwuA1j17kv8hZd6R2ePbtt,1
G6kUH32qJbb4wHP7gGcd8zN1igo8cBMUZcbTWLJNNCJY,1
FBwPvG1KGv25EDL3yos2J9ryUXkjX8FDY6cqCvazYQEQ,1
AdQ5zicbeKQpwuwhyjJgMdugSpbF6Gt9bUFrkkBwNCF7,1
CGWdFy5zcHXKhh3PY9De8Gd5i997SY19hSfnCQkaA3p8,1
8QA1a9QoKetFZCMBs1YeQr1giwKuSsLwuFqB59Nv5z3S,1
2Y2d91oiJH4REtW9KeQ3PDhtierwAHZf4XRnzbavcCeu,1
6v77cA6fA4yrytwGUSuB9jfeoHM5ota6KMmULBkg1J2J,1
DhY9UKSks3iJxmzguusjNWDN5RBUEZabt3c5hEwk8Zdf,1
DDxq59zHuqGTZpfUGQVgSymEjjAgq2ksk85qP84MctnQ,1
CYZFtnyC4F9PQhBgYbh4YMMYvSDnLkNKZPVeJvPs7BDx,1
GCCyFinh7dxnHArbF8hEwGegWoKs9aqA56wAVeuVEEGA,1
FQBSAXLNSGB6CY8DiXaErwAacmDxNW6ELVCD5sDZ9uXm,1
JANd2M6m4KgQhHuXzwZJTVykZ3QcPi5ky84H4npnkT6R,1
5MY3iPZvrXiWDiXc8h2CkckWzmprkrpsPkwS7QtUXPhH,1
ZpE5TX3c2nBki2RwE2nRhAF4daMa3wvxc4CH6AsbuEY,1
ETcUuiskUHiJ4AM17Vd7QEwQp4aRDiZTp51iKucq6q3x,1
G9eoMZP87CtXR7eUxMuHdZ65KMgkYmrKKtqNyQzPjQzL,1
E7m1PU8VsWbpaMtfX6W3hzr4XNRCVmPSyBE959Heoqnu,1
WLw1qTtsbb4fnhyz7MyYpnX3P85FZ1fbYV54x8yoE9k,1
BYhiqFhiaF9t82FBDGH4Eh8hZnsWSJ9BLFj6BYtRx3dd,1
HV7zveTB5dBxZrJPe64KQStZPrbyQw821sA6XwrKtzGb,1
44bopDPBsKuH8kGtWdSe7CPK9TCWgUDJBwCicewXMmiY,1
Ee1g5vs3ZvEecVjAujUGnEU2YZ6XdLeq4FbBNeRgoJpq,1
3JHs36GzeZeyWeKA58DfCA56Xtmyk6jQAyRcJPiJJGYG,1
uMQwDp4buFfmw7wcj7Nthour3bEr4LzNVXAR1cyF81a,1
AufP66gMST4N6KjmmHgJQtbG1ySST6U1QJGuBq5Q9FPF,1
Cngze9zz4nRuzDcCahEprRdtTvH7mFG3fb1Ys8bU4H5v,1
5KtNVVCJYHtycRjWFut7KfZoBwbMTz4XXBxqJTzPageX,1
A8SMmcfuDeeXwckuE2NFtPse1kUF3wyVXAmVe5NTYsGn,1
3L6ffS5Pnn8saDvq2CfzXcr4iVWD6ggGjx7RQMG3GAJf,1
FeYrRCiutmC2awrnecr8XBdQb8FSVXDLjw2P3HCKEa7L,1
2LUU8diUwgxGxjSxiEAZfE1rDpVaUcC9nYcZXmCoo1wf,1
DeLxKoKTDoNuTcsJzZU1N4MhdGr2nXYcYQq3tiMFkmkS,1
DxkQUJ4sXFLisPnq6SjtAZdSBoiJKCg7bc8ytA1PyR1k,1
997T7zcxmLDCTLqzckRau7GpsCmERZ5pTChvRusb5666,1
C4WVZnPh8xSihHn4F4af8XSrt8Lr6sYzoxwbUxd5VkKf,1
8Us3zYTsnFYo2d7TX1RwnAJPgM4GsnMwpe3JLHAjfm3W,1
FAD1A74hsAC94hySEBH8GMz4pxxbd9dyaNE7EJVrkcwR,1
7GBD9jhjzsK67FFEBKbVbvMJJe6hzVrmWmsNxkVKvGym,1
HqdWGN3KUyDmNc5AS6NYS4YEuXZ3BZRoHHx2XH4Js7wb,1
2NUqbD88DgZrMdrp3Ns4s8eH8t9riajmpzmCppka6ymB,1
43i36rGSPgyJFjYwuNdsSZDzE4AdtPBos4csauqCo8cj,1
EHVpjPBha5KVMzrXhZzCvJ4SaJP6PV9TrjZRQ8Dp9yor,1
AUfuKuTiNWYaHYipPdR8N1p9KXHffgJTZEy3egZ3nv2w,1
7N5ZxCL2etFyGE51eYRhEaWfBERXWW2NtWx7gQ2n2Z7K,1
BcQGJUXp1TxL11KbwibkHSQ8Xbdg7jVLkqdkvEQFc4V8,1
5QfryvCjpejbw7m3xjt2C5wsMVH1jx6WnAUza7Qea7wQ,1
HBZ5oB58MrBgeLfwXVRjkT2Y8faevPF8ssNyPVLiCRJ2,1
XBbxvpxCUbjR8exnx7ovttJY83Q4bcE2KYY28SXzcPc,1
DzKdVVjMNL3MrftJBi54x8rxDhVPaKMnGKLBEk1dHPYF,1
2xd1uMBvzxtadc9qcqHrKm35pkHdZFoGPQvAnmUdmpdo,1
68sfgTRFWMspMXQDngbKZLYgGBhGjer86kd3zGUvnyM1,1
AAHadaEdFW7zbbvLUqwJ6N21Ca3sLMNBJEbjFn7qiwxR,1
FCqyA29r72xVHjUUzhmWfFsidGVP6kwCvdbfnhud8Wn5,1
2KfqRWyHcmCXg9y8EckVJfNq1MN9rzAQx3RW2pSp49Rw,1
ASe9qqdTE7TNerSVdPh4UhsEMw7znQRbGH2wPvYLf5bi,1
AdZY8XwJCiTc39eAkgfPHyuoM7KDLtmDnJaQkrkUTs6c,1
BS3XhtyUbEemif6uctfUj2gaTxKuvfptPmBHcaAg7CnQ,1
FQv87tPm4XqzzkP1JUJQP28pWtewXh6PjHMLyWfAbKgK,1
J43Rfws726sqSm7f6Y3BAws76r4NJatyUngDmZ4LXpNC,1
7b3yQf1bsqdwwMcXk9ZB2gGv94vycGj1JzMEyDFzjfVV,1
8eme1yTLkoLMvFBUhBzFuSXwugsZzMz6HCTNbFbokCZZ,1
9oBQaiFtWooYkvLTEn28q3AU8bAEDRfTsXpMZZwHp1r4,1
o8PdXmVw1ZNjfyPjhFB1zABhCQPUUthbj293UQj4JKe,1
H5o8MJzVkPzonT3y8mKzdD4hmEihTkkzK2y7UUH5BcyY,1
6pxUCLh8PGZ9AqxZbJGuP8dowP7pV63DD2nnQHvWY5C1,1
87QLcvBCVmfcKo8sVZfPEbRS8PzT9tsgmHuHxRvvrChv,1
GRTbGwgx4e8coqvQcZCfLhbDW5v1MtF1A78zWr9F14Sv,1
BEmFVBHtv3KoBKfBKGwW6kDDP19WHHpgTnA6JTrRPykk,1
GusDEmBpZ7LugE2w3jDqXyS3D8fAaNTAMLuTUA3B6Dhm,1
8PdyXidccg1azpu5RPr3d3Y6bheHxCfXmBrVJhGkCjf8,1
77evuQKXF4awQSAcReRvctuwdN1sxQsGkJdc23qX6M9j,1
7phonbkVZKgB87uvYd2fnvHPtX6sh1sErW8i57xT3EMm,1
ABwt2ZDP1ZngzcdF7m5m55k4qvyPYqfTvpa4usBYDQBd,1
8F6EKAxnjHe6FXa6YaEfsuQ7L4QocydtYqWyrYp37Phn,1
DjayyFsG8nvZAcLb9eodeUPtUbn4X4125coUiua4zYfz,1
4k9nWupp5ydkKxDYBZhqLHyfHeVwNrQcziMX8FMzixdH,1
3E4SeF8Dy9AeF5JdiNGxkxqMazuJ1pDSkzEppiBCQ9V2,1
933DooJU3Fs7aXVeah7JTNpCYPKNifX8p7L4MmUNDJ2w,1
9GuVmkJGAUJ8MR2zG5YEswmMc8nhmv3ynhttqHstTJWj,1
C4hqmWAiUVzmuTM8yLiT55c3A8vGk1rNCHpWr8wtD9Xa,1
DTgWJ7yJuxvHf3UpCbTTRTRAd4AkNhGSpHXvZdLcnSW3,1
BgKTdUxdC3jiTgxHs57ZxkMrTPN8RuoiBBz2zST1LJvp,1
6RPWUANxxVMnbb1YAw2fgmAE9f4VbcLj8NwC7PhCzWSB,1
65gG9oVhgGHoMocF9jcD5XyebNYCcR1RD8FcpsM64e6n,1
2drDG5fv5iocSHW3JKEAwgoDVgaESB28rUdomjf3o4HR,1
BLE5RCyyqtHeRDZ2mFUMsh19jYTBZHHGQCDBmki9jLRb,1
3cThpUeMfAAA1g7gS9UcHmexgkEEdpEfP1Y4eej3AiYB,1
2Pnef382tqUSW4sFq6p3Nzca8Za52BPyCD9LBRWFMRaA,1
9YobquHoyjm1N3QotJKDkSmAztVLPLKbY5XV1R8oBjuB,1
BkFTh4qFf8b8E2KBu7jMdZNkdMUZmk2QqzDQMaTFMHgW,1
C84AXndaeBhVhma3xj35wV2vTaqVjpJWDUMNhaUn2aEq,1
9XaCQ7Drpb9gyA2ZAVHWsUtSXNA7SG7WeyLT6fQjXwVX,1
8m6yBWCwqEXvUHiegcnkQxWcX64bbfoaMmdVcy1fD8j8,1
5QaY9oEkuKfwrvjSELZUAGz8augTQRkUvWqLWzZJHS9d,1
2S5P8PDTQa9MdM8fnRwP1xqWptuCtpXi7Vj4ZqTNvcJx,1
xcnb12axgqLyVCWEDvuGeurw7hRg5gFTTrYKjWZPeUt,1
8jY2FppRFZVE9nmtDUqKFzR4NYSH6fp7LLsxtGzx9Hdo,1
FaV9LAEQHHCXk2ryndHn6fVegGKJ91XNxoGRpK9afMs4,1
AEyikCveQRacJXqKcDnehFUJYN7UvHTNg3Qy97ZU9MeW,1
5bxByD92DVMDwyLCY5s12g9JtS52FMCnkCRk2u5yahXH,1
DRHd3ZCMJ2nxjCoyQeair3Pidb2CCJojW5ebSSZ8iwhW,1
CtoGTY6xMUnoKBiqTa9WSqfFzvBCwH3AhCorEk35MUWZ,1
7V5N2XzPF8UDJm9xF3JJGmrzKzd92RwjnFHqGq7qcgta,1
A4uVQtFW2zKLL8YZbmjkTCspCQVSeBnhyPqjgPHxuZsR,1
CSTfHr6rexKqyQiyiheXN8rGWogu4hpcWHgizxDbivmz,1
2UnPcFR8kU5oeMgkGx4QhpuK7xPf48NxDnJiG4Bzy4vC,1
CfRFngoT6H3jXtfWSLSXWFmSbnjcGTL6CmBbZEDPsAss,1
HWF2JHP64GVgj3ZXKSxAyP6GPiXXTCSLtc4rYXPkpfQu,1
EivY2iSCuXDNBaXiPJoj1CRVLbDrzYqGLmnbR7r7sVNV,1
4EYyJaJwTS4NeBWMi58BLh5EJKDe7HoxDRgRLZQVY2xo,1
A2wjfTqEfszVZpWvCc6YhA1E5Uw1e3TgPbtwn5V81eqH,1
3td62KyoHGGrzCHVe6rk6hFQtgDmiWkv4EJUGNa8Qv86,1
5Cu6dteyPK2rMsQf7ozr5fke8n8VMB6C3hzLSxMx9Pn2,1
5BTcMXUYnF3RqcBCrLXMDhe62qjVaUVqZu3AM58HBabM,1
6uMAunUshwuvjcqe5HCDqdX13QnYM24W6M9w8ERcbJm6,1
7jGGmGZT9vYeTWo9EYtutiAnbWQfyXvefFTBQatQZGSu,1
J7ZuFs353o1HwMEKSe7FFafbtjdzsqg6gSAEXM91Nr8C,1
ALJDBtx8AyhraqsJCfcvTDqxb8FFQ65dhvxSrbw4A3Zp,1
ZkjjKSBWUNHzct8LqnTcF7dasyFT1bRyv9RGTP7Z5w3,1
Ea61shMEfqJfU9pGSkTc4doaEaHZ6G4zr4MnQPUEfFKG,1